{"cameraMode":{"drawMode":0,"name":"Shaded","section":"Shading Mode"},"sceneLighting":false,"audioPlay":false,"sceneViewState":{"m_AlwaysRefresh":false,"showFog":true,"showSkybox":false,"showFlares":true,"showImageEffects":true,"showParticleSystems":true,"showVisualEffectGraphs":true,"m_FxEnabled":true},"in2DMode":false,"pivot":{"x":-0.0000010132789611816407,"y":1.6533660888671876,"z":0.025310546159744264},"rotation":{"x":0.08473968505859375,"y":-0.9149713516235352,"z":0.2665756046772003,"w":0.2908697724342346},"size":1.9041584730148316,"orthographic":false}