{"cameraMode":{"drawMode":0,"name":"Shaded","section":"Shading Mode"},"sceneLighting":false,"audioPlay":false,"sceneViewState":{"m_AlwaysRefresh":false,"showFog":true,"showSkybox":false,"showFlares":true,"showImageEffects":true,"showParticleSystems":true,"showVisualEffectGraphs":true,"m_FxEnabled":true},"in2DMode":false,"pivot":{"x":-5.471813678741455,"y":1.6531732082366944,"z":-0.023957788944244386},"rotation":{"x":0.23796147108078004,"y":-0.6264657378196716,"z":0.20934733748435975,"w":0.7121173143386841},"size":1.9162253141403199,"orthographic":false}