{"cameraMode":{"drawMode":0,"name":"Shaded","section":"Shading Mode"},"sceneLighting":false,"audioPlay":false,"sceneViewState":{"m_AlwaysRefresh":false,"showFog":true,"showSkybox":false,"showFlares":true,"showImageEffects":true,"showParticleSystems":true,"showVisualEffectGraphs":true,"m_FxEnabled":true},"in2DMode":false,"pivot":{"x":-1.063481330871582,"y":2.840916156768799,"z":-8.021894454956055},"rotation":{"x":-0.0014326688833534718,"y":-0.9863852262496948,"z":0.16424639523029328,"w":-0.008584323339164257},"size":0.4756191074848175,"orthographic":false}