{"cameraMode":{"drawMode":0,"name":"Shaded","section":"Shading Mode"},"sceneLighting":false,"audioPlay":false,"sceneViewState":{"m_AlwaysRefresh":false,"showFog":true,"showSkybox":false,"showFlares":true,"showImageEffects":true,"showParticleSystems":true,"showVisualEffectGraphs":true,"m_FxEnabled":true},"in2DMode":false,"pivot":{"x":10.235925674438477,"y":-4.941823959350586,"z":-29.256607055664064},"rotation":{"x":-0.1400517374277115,"y":0.08217628300189972,"z":-0.011642364785075188,"w":-0.9866714477539063},"size":1.4142142534255982,"orthographic":false}