{"cameraMode":{"drawMode":0,"name":"Shaded","section":"Shading Mode"},"sceneLighting":false,"audioPlay":false,"sceneViewState":{"m_AlwaysRefresh":false,"showFog":true,"showSkybox":false,"showFlares":true,"showImageEffects":true,"showParticleSystems":true,"showVisualEffectGraphs":true,"m_FxEnabled":true},"in2DMode":false,"pivot":{"x":0.006748378276824951,"y":0.8319559097290039,"z":0.3016964793205261},"rotation":{"x":-0.013888734392821789,"y":-0.9555712342262268,"z":0.2908872663974762,"w":-0.045617926865816119},"size":1.1856557130813599,"orthographic":false}