{"cameraMode":{"drawMode":0,"name":"Shaded","section":"Shading Mode"},"sceneLighting":false,"audioPlay":false,"sceneViewState":{"m_AlwaysRefresh":false,"showFog":true,"showSkybox":false,"showFlares":true,"showImageEffects":true,"showParticleSystems":true,"showVisualEffectGraphs":true,"m_FxEnabled":true},"in2DMode":false,"pivot":{"x":-0.695701003074646,"y":1.3120592832565308,"z":-13.353121757507325},"rotation":{"x":-0.013888734392821789,"y":-0.9555712342262268,"z":0.2908872663974762,"w":-0.045617926865816119},"size":1.7524912357330323,"orthographic":false}