{"cameraMode":{"drawMode":0,"name":"Shaded","section":"Shading Mode"},"sceneLighting":false,"audioPlay":false,"sceneViewState":{"m_AlwaysRefresh":false,"showFog":true,"showSkybox":false,"showFlares":true,"showImageEffects":true,"showParticleSystems":true,"showVisualEffectGraphs":true,"m_FxEnabled":true},"in2DMode":false,"pivot":{"x":0.020006239414215089,"y":0.2594352066516876,"z":1.4156103134155274e-7},"rotation":{"x":-0.013888734392821789,"y":-0.9555712342262268,"z":0.2908872663974762,"w":-0.045617926865816119},"size":0.5912131667137146,"orthographic":false}