{"cameraMode":{"drawMode":0,"name":"Shaded","section":"Shading Mode"},"sceneLighting":false,"audioPlay":false,"sceneViewState":{"m_AlwaysRefresh":false,"showFog":true,"showSkybox":false,"showFlares":true,"showImageEffects":true,"showParticleSystems":true,"showVisualEffectGraphs":true,"m_FxEnabled":true},"in2DMode":false,"pivot":{"x":-1.7487983703613282,"y":-1.1652950048446656,"z":1.0965709686279297},"rotation":{"x":0.23796147108078004,"y":-0.6264657378196716,"z":0.20934733748435975,"w":0.7121173143386841},"size":2.1030852794647219,"orthographic":false}