{"cameraMode":{"drawMode":0,"name":"Shaded","section":"Shading Mode"},"sceneLighting":false,"audioPlay":false,"sceneViewState":{"m_AlwaysRefresh":false,"showFog":true,"showSkybox":false,"showFlares":true,"showImageEffects":true,"showParticleSystems":true,"showVisualEffectGraphs":true,"m_FxEnabled":true},"in2DMode":false,"pivot":{"x":3.5762786865234377e-7,"y":0.6499994993209839,"z":2.3096799850463868e-7},"rotation":{"x":-0.013888734392821789,"y":-0.9555712342262268,"z":0.2908872663974762,"w":-0.045617926865816119},"size":0.8660253882408142,"orthographic":false}