{"cameraMode":{"drawMode":0,"name":"Shaded","section":"Shading Mode"},"sceneLighting":true,"audioPlay":false,"sceneViewState":{"m_AlwaysRefresh":false,"showFog":true,"showSkybox":true,"showFlares":true,"showImageEffects":true,"showParticleSystems":true,"showVisualEffectGraphs":true,"m_FxEnabled":true},"in2DMode":false,"pivot":{"x":5.614140510559082,"y":0.4414646625518799,"z":-39.019004821777347},"rotation":{"x":0.15202414989471436,"y":-0.7345781922340393,"z":0.1750846654176712,"w":0.6377049684524536},"size":15.643142700195313,"orthographic":false}