{"cameraMode":{"drawMode":0,"name":"Shaded","section":"Shading Mode"},"sceneLighting":false,"audioPlay":false,"sceneViewState":{"m_AlwaysRefresh":false,"showFog":true,"showSkybox":false,"showFlares":true,"showImageEffects":true,"showParticleSystems":true,"showVisualEffectGraphs":true,"m_FxEnabled":true},"in2DMode":false,"pivot":{"x":14.117281913757325,"y":1.5190900564193726,"z":4.4290618896484379},"rotation":{"x":0.06707039475440979,"y":-0.7714192867279053,"z":0.08246807754039765,"w":0.6273940205574036},"size":3.786921977996826,"orthographic":false}